-- MySQL dump 10.13  Distrib 5.7.19, for Linux (x86_64)
--
-- Host: localhost    Database: myproject
-- ------------------------------------------------------
-- Server version	5.7.19

/*!40101 SET @OLD_CHARACTER_SET_CLIENT=@@CHARACTER_SET_CLIENT */;
/*!40101 SET @OLD_CHARACTER_SET_RESULTS=@@CHARACTER_SET_RESULTS */;
/*!40101 SET @OLD_COLLATION_CONNECTION=@@COLLATION_CONNECTION */;
/*!40101 SET NAMES utf8 */;
/*!40103 SET @OLD_TIME_ZONE=@@TIME_ZONE */;
/*!40103 SET TIME_ZONE='+00:00' */;
/*!40014 SET @OLD_UNIQUE_CHECKS=@@UNIQUE_CHECKS, UNIQUE_CHECKS=0 */;
/*!40014 SET @OLD_FOREIGN_KEY_CHECKS=@@FOREIGN_KEY_CHECKS, FOREIGN_KEY_CHECKS=0 */;
/*!40101 SET @OLD_SQL_MODE=@@SQL_MODE, SQL_MODE='NO_AUTO_VALUE_ON_ZERO' */;
/*!40111 SET @OLD_SQL_NOTES=@@SQL_NOTES, SQL_NOTES=0 */;

--
-- Table structure for table `admin`
--

DROP TABLE IF EXISTS `admin`;
/*!40101 SET @saved_cs_client     = @@character_set_client */;
/*!40101 SET character_set_client = utf8 */;
CREATE TABLE `admin` (
  `admin_id` varchar(20) NOT NULL,
  `admin_name` varchar(20) NOT NULL,
  `password` varchar(256) NOT NULL,
  PRIMARY KEY (`admin_id`)
) ENGINE=InnoDB DEFAULT CHARSET=utf8;
/*!40101 SET character_set_client = @saved_cs_client */;

--
-- Dumping data for table `admin`
--

LOCK TABLES `admin` WRITE;
/*!40000 ALTER TABLE `admin` DISABLE KEYS */;
INSERT INTO `admin` VALUES ('1001','admin','admin');
/*!40000 ALTER TABLE `admin` ENABLE KEYS */;
UNLOCK TABLES;

--
-- Table structure for table `bar_theme`
--

DROP TABLE IF EXISTS `bar_theme`;
/*!40101 SET @saved_cs_client     = @@character_set_client */;
/*!40101 SET character_set_client = utf8 */;
CREATE TABLE `bar_theme` (
  `theme_id` varchar(20) NOT NULL,
  `theme_name` varchar(20) NOT NULL,
  PRIMARY KEY (`theme_id`)
) ENGINE=InnoDB DEFAULT CHARSET=utf8;
/*!40101 SET character_set_client = @saved_cs_client */;

--
-- Dumping data for table `bar_theme`
--

LOCK TABLES `bar_theme` WRITE;
/*!40000 ALTER TABLE `bar_theme` DISABLE KEYS */;
INSERT INTO `bar_theme` VALUES ('1002','漫画'),('1525574142585839258','科技'),('1525574276416343954','散文'),('1525574385583120447','数码'),('1525574446534487626','啊啊'),('1525576625043196070','abc');
/*!40000 ALTER TABLE `bar_theme` ENABLE KEYS */;
UNLOCK TABLES;

--
-- Table structure for table `category`
--

DROP TABLE IF EXISTS `category`;
/*!40101 SET @saved_cs_client     = @@character_set_client */;
/*!40101 SET character_set_client = utf8 */;
CREATE TABLE `category` (
  `category_id` varchar(20) CHARACTER SET latin1 NOT NULL,
  `theme_id` varchar(20) CHARACTER SET latin1 NOT NULL,
  `category_name` varchar(20) DEFAULT NULL,
  PRIMARY KEY (`category_id`)
) ENGINE=InnoDB DEFAULT CHARSET=utf8;
/*!40101 SET character_set_client = @saved_cs_client */;

--
-- Dumping data for table `category`
--

LOCK TABLES `category` WRITE;
/*!40000 ALTER TABLE `category` DISABLE KEYS */;
INSERT INTO `category` VALUES ('1001','1002','银魂'),('1002','1002','海贼王'),('1525580351609461421','1002','火影忍者'),('1525580967242853374','1525576625043196070','adfaf');
/*!40000 ALTER TABLE `category` ENABLE KEYS */;
UNLOCK TABLES;

--
-- Table structure for table `mess_pic`
--

DROP TABLE IF EXISTS `mess_pic`;
/*!40101 SET @saved_cs_client     = @@character_set_client */;
/*!40101 SET character_set_client = utf8 */;
CREATE TABLE `mess_pic` (
  `pic_id` varchar(20) NOT NULL,
  `pic_path` varchar(256) NOT NULL,
  `mess_id` varchar(20) NOT NULL,
  `pic_order` int(11) NOT NULL,
  PRIMARY KEY (`pic_id`)
) ENGINE=InnoDB DEFAULT CHARSET=utf8;
/*!40101 SET character_set_client = @saved_cs_client */;

--
-- Dumping data for table `mess_pic`
--

LOCK TABLES `mess_pic` WRITE;
/*!40000 ALTER TABLE `mess_pic` DISABLE KEYS */;
INSERT INTO `mess_pic` VALUES ('1','/mnt/disk1/abc.jpg','3',2),('1525445506279610049','/mnt/disk2/myworkspace/.metadata/.plugins/org.eclipse.wst.server.core/tmp0/wtpwebapps/myproject/resource/image1525445506196904948','1525445506269118703',1),('1525445684331488749','/mnt/disk2/myworkspace/.metadata/.plugins/org.eclipse.wst.server.core/tmp0/wtpwebapps/myproject/resource/image1525445684304659842','1525445684323104936',1),('1525445769444847957','/mnt/disk2/myworkspace/.metadata/.plugins/org.eclipse.wst.server.core/tmp0/wtpwebapps/myproject/resource/image1525445769437653729','1525445769441529614',1),('1525445895732659682','/mnt/disk2/myworkspace/.metadata/.plugins/org.eclipse.wst.server.core/tmp0/wtpwebapps/myproject/resource/image1525445894482394471','1525445895715868719',1),('1525481736570610555','/resource/image/1525481736550204821','1525481736563229757',1),('1525481814783584785','/resource/image/1525481808547695073','1525481814774951163',1),('1525482006599410105','resource/image/1525482005744144937','1525482006585680762',1),('1525511031554729929','resource/image/1525511031523557449','1525511031548614090',1),('1525515796024859809','resource/image/1525515795990334536','1525515796018868268',1),('1525516860827267634','resource/image/1525516860776482152','1525516860806843651',1),('1525517141954236754','resource/image/1525517141936826961','1525517141947113002',1),('1525521114870515407','resource/image/1525521114842605997','1525521114864224208',1),('1525522269985419026','resource/image/1525522269956547448','1525522269957122773',1),('1525522339565594466','resource/image/1525522339544752461','1525522339544516423',1),('1525522509775252661','resource/image/1525522509752641365','1525522509753814586',1),('1525522623937994007','resource/image/1525522623874202596','1525522623875191227',1),('1525522783252951401','resource/image/1525522783224626776','1525522783224928491',1),('1525522920603904961','resource/image/1525522920594384310','1525522920594486436',1),('1525528396692882533','resource/image/1525528396687760215','1525528396687664658',1),('1525528683692194621','resource/image/1525528683687836737','1525528683688512101',1),('1525528929702396793','resource/image/1525528929616310138','1525528929695603207',1),('1525528937255464661','resource/image/1525528937246970898','1525528937250164412',1),('1525531265898101302','resource/image/1525531265858149970','1525531265891545702',1),('1525531339440966214','resource/image/1525531339417546972','1525531339433287911',1),('1525531689442346995','resource/image/1525531689411312564','1525531689435751763',1),('1525532159324370962','resource/image/1525532159314898767','1525532159318818119',1),('1525532175569700959','resource/image/1525532175557226002','1525532175562178136',1),('1525532191447235327','resource/image/1525532191437893819','1525532191440462556',1),('1525589319773230130','resource/image/1525589319753522817','1525589319768173611',1),('1525595274407909739','resource/image/1525595274376638905','1525595274399431484',1),('1525595289048443059','resource/image/1525595289043707038','1525595289043236035',1),('1525597379648547476','resource/image/1525597379630661132','1525597379642479976',1),('1525597692194371150','resource/image/1525597692174471803','1525597692189238352',1),('1525597743683953308','resource/image/1525597743661286481','1525597743679409665',1),('1525597912274693044','resource/image/1525597912247702950','1525597912268920892',1),('1525597932321363190','resource/image/1525597932312477655','1525597932315459692',1),('1525598185353960265','resource/image/1525598185321488805','1525598185348831082',1),('1525598206439433819','resource/image/1525598206426904553','1525598206432475789',1),('2','/mnt/disk2/abc.jpg','3',1),('id1','/mnt/disk1/abc.gif','messId',1);
/*!40000 ALTER TABLE `mess_pic` ENABLE KEYS */;
UNLOCK TABLES;

--
-- Table structure for table `message`
--

DROP TABLE IF EXISTS `message`;
/*!40101 SET @saved_cs_client     = @@character_set_client */;
/*!40101 SET character_set_client = utf8 */;
CREATE TABLE `message` (
  `message_id` varchar(20) CHARACTER SET latin1 NOT NULL,
  `post_id` varchar(20) NOT NULL,
  `post_order` int(11) NOT NULL,
  `mess_content` varchar(256) NOT NULL,
  `create_time` timestamp NOT NULL DEFAULT CURRENT_TIMESTAMP,
  `update_time` timestamp NOT NULL DEFAULT CURRENT_TIMESTAMP ON UPDATE CURRENT_TIMESTAMP,
  `user_id` varchar(20) NOT NULL,
  `user_name` varchar(64) NOT NULL,
  PRIMARY KEY (`message_id`)
) ENGINE=InnoDB DEFAULT CHARSET=utf8;
/*!40101 SET character_set_client = @saved_cs_client */;

--
-- Dumping data for table `message`
--

LOCK TABLES `message` WRITE;
/*!40000 ALTER TABLE `message` DISABLE KEYS */;
INSERT INTO `message` VALUES ('1525517141947113002','1525517141937370225',1,'dd','2018-05-05 10:45:41','2018-05-05 10:45:41','1001','yin'),('1525521114864224208','1525521114842600045',1,'abc','2018-05-05 11:51:54','2018-05-05 11:51:54','1001','yin'),('1525522920594486436','1525521114842600045',2,'afdfd','2018-05-05 12:22:00','2018-05-05 12:22:00','1001','yin'),('1525528396687664658','1525517141937370225',2,'我的留言','2018-05-05 13:53:16','2018-05-05 13:53:16','1001','yin'),('1525528683688512101','1525517141937370225',3,'ddddddddddd','2018-05-05 13:58:03','2018-05-05 13:58:03','1001','yin'),('1525528929695603207','1525528929680914034',1,'afdsdf','2018-05-05 14:02:09','2018-05-05 14:02:09','1001','yin'),('1525528937250164412','1525528937246256204',1,'afdsdf','2018-05-05 14:02:17','2018-05-05 14:02:17','1001','yin'),('1525531265891545702','1525531265870599006',1,'java','2018-05-05 14:41:05','2018-05-05 14:41:05','1001','yin'),('1525531339433287911','1525531339417355260',1,'','2018-05-05 14:42:19','2018-05-05 14:42:19','1001','yin'),('1525531689435751763','1525531689412404536',1,'fsfds','2018-05-05 14:48:09','2018-05-05 14:48:09','1001','yin'),('1525532159318818119','1525532159315183114',1,'ddd','2018-05-05 14:55:59','2018-05-05 14:55:59','1001','yin'),('1525532175562178136','1525532175558348903',1,'gfgf','2018-05-05 14:56:15','2018-05-05 14:56:15','1001','yin'),('1525532191440462556','1525532191437403914',1,'dgfg','2018-05-05 14:56:31','2018-05-05 14:56:31','1001','yin'),('1525589319768173611','1525589319753186946',1,'','2018-05-06 06:48:39','2018-05-06 06:48:39','1001','yin'),('1525595274399431484','1525595274377590261',1,'dafa','2018-05-06 08:27:54','2018-05-06 08:27:54','1001','yinz'),('1525595289043236035','1525595274377590261',2,'afaf','2018-05-06 08:28:09','2018-05-06 08:28:09','1001','yinz'),('1525597379642479976','1525597379631681991',1,'','2018-05-06 09:02:59','2018-05-06 09:02:59','1525596915854359571','a'),('1525597692189238352','1525597692174965637',1,'','2018-05-06 09:08:12','2018-05-06 09:08:12','1001','yin'),('1525597743679409665','1525597743662971260',1,'abc','2018-05-06 09:09:03','2018-05-06 09:09:03','1001','yin'),('1525597912268920892','1525597912248971023',1,'aaa','2018-05-06 09:11:52','2018-05-06 09:11:52','1001','yin'),('1525597932315459692','1525597932313558699',1,'afafafafa','2018-05-06 09:12:12','2018-05-06 09:12:12','1001','yin'),('1525598185348831082','1525598185322977452',1,'afafzzzzzzzzzzzzzz','2018-05-06 09:16:25','2018-05-06 09:16:25','1001','yin'),('1525598206432475789','1525598206427374588',1,'ddddddddddd','2018-05-06 09:16:46','2018-05-06 09:16:46','1001','yin'),('1525598395050254079','1525598395029716859',1,'ddddddddddddd','2018-05-06 09:19:55','2018-05-06 09:19:55','1001','yin');
/*!40000 ALTER TABLE `message` ENABLE KEYS */;
UNLOCK TABLES;

--
-- Table structure for table `post`
--

DROP TABLE IF EXISTS `post`;
/*!40101 SET @saved_cs_client     = @@character_set_client */;
/*!40101 SET character_set_client = utf8 */;
CREATE TABLE `post` (
  `post_id` varchar(20) NOT NULL,
  `category_id` varchar(20) NOT NULL,
  `create_time` timestamp NOT NULL DEFAULT CURRENT_TIMESTAMP,
  `update_time` timestamp NOT NULL DEFAULT CURRENT_TIMESTAMP ON UPDATE CURRENT_TIMESTAMP,
  `theme_id` varchar(20) DEFAULT NULL,
  `is_visible` tinyint(4) NOT NULL DEFAULT '0',
  `user_id` varchar(20) NOT NULL,
  PRIMARY KEY (`post_id`)
) ENGINE=InnoDB DEFAULT CHARSET=utf8;
/*!40101 SET character_set_client = @saved_cs_client */;

--
-- Dumping data for table `post`
--

LOCK TABLES `post` WRITE;
/*!40000 ALTER TABLE `post` DISABLE KEYS */;
INSERT INTO `post` VALUES ('1525515795991258304','1001','2018-05-05 10:23:16','2018-05-05 10:23:16',NULL,0,'1001'),('1525516860788836327','1001','2018-05-05 10:41:00','2018-05-05 10:41:00',NULL,0,'1001'),('1525517141937370225','1001','2018-05-05 10:45:41','2018-05-05 10:45:41',NULL,0,'1001'),('1525521114842600045','1001','2018-05-05 11:51:54','2018-05-05 11:51:54',NULL,0,'1001'),('1525528929680914034','1002','2018-05-05 14:02:09','2018-05-05 14:02:09',NULL,0,'1001'),('1525528937246256204','1002','2018-05-05 14:02:17','2018-05-05 14:02:17',NULL,0,'1001'),('1525531265870599006','1004','2018-05-05 14:41:05','2018-05-05 14:41:05',NULL,0,'1001'),('1525532159315183114','1003','2018-05-05 14:55:59','2018-05-05 14:55:59',NULL,0,'1001'),('1525532175558348903','1003','2018-05-05 14:56:15','2018-05-05 14:56:15',NULL,0,'1001'),('1525532191437403914','1003','2018-05-05 14:56:31','2018-05-05 14:56:31',NULL,0,'1001'),('1525589319753186946','1001','2018-05-06 06:48:39','2018-05-06 06:48:39',NULL,0,'1001'),('1525595274377590261','1001','2018-05-06 08:27:54','2018-05-06 08:27:54',NULL,0,'1001'),('1525597379631681991','1001','2018-05-06 09:02:59','2018-05-06 09:02:59',NULL,0,'1525596915854359571'),('1525597692174965637','1001','2018-05-06 09:08:12','2018-05-06 09:08:12',NULL,0,'1001'),('1525597743662971260','1001','2018-05-06 09:09:03','2018-05-06 09:09:03',NULL,0,'1001'),('1525597912248971023','1001','2018-05-06 09:11:52','2018-05-06 09:11:52',NULL,0,'1001'),('1525597932313558699','1001','2018-05-06 09:12:12','2018-05-06 09:12:12',NULL,0,'1001'),('1525598185322977452','1001','2018-05-06 09:16:25','2018-05-06 09:16:25',NULL,0,'1001'),('1525598206427374588','1001','2018-05-06 09:16:46','2018-05-06 09:16:46',NULL,0,'1001'),('1525598395029716859','1001','2018-05-06 09:19:55','2018-05-06 09:19:55',NULL,0,'1001');
/*!40000 ALTER TABLE `post` ENABLE KEYS */;
UNLOCK TABLES;

--
-- Table structure for table `reply`
--

DROP TABLE IF EXISTS `reply`;
/*!40101 SET @saved_cs_client     = @@character_set_client */;
/*!40101 SET character_set_client = utf8 */;
CREATE TABLE `reply` (
  `reply_id` varchar(20) NOT NULL,
  `mess_id` varchar(20) NOT NULL,
  `reply_content` varchar(20) DEFAULT NULL,
  `create_time` timestamp NOT NULL DEFAULT CURRENT_TIMESTAMP,
  `update_time` timestamp NOT NULL DEFAULT CURRENT_TIMESTAMP ON UPDATE CURRENT_TIMESTAMP,
  `reply_order` int(11) DEFAULT NULL,
  `user_id` varchar(20) NOT NULL,
  `user_name` varchar(20) NOT NULL,
  PRIMARY KEY (`reply_id`)
) ENGINE=InnoDB DEFAULT CHARSET=utf8;
/*!40101 SET character_set_client = @saved_cs_client */;

--
-- Dumping data for table `reply`
--

LOCK TABLES `reply` WRITE;
/*!40000 ALTER TABLE `reply` DISABLE KEYS */;
INSERT INTO `reply` VALUES ('1','3','银','2018-05-04 06:07:41','2018-05-05 11:05:55',1,'1001',''),('1525429611448287949','3','银','2018-05-04 10:26:51','2018-05-05 11:03:19',2,'1001',''),('1525429710021862165','3','银','2018-05-04 10:28:30','2018-05-05 11:05:55',3,'1001',''),('1525482471715298112','1525482006585680762','银','2018-05-05 01:07:51','2018-05-05 11:05:55',1,'1001',''),('1525496400486534892','null','银','2018-05-05 05:00:00','2018-05-05 11:05:55',1,'1001','yin'),('1525496559546548746','null','银','2018-05-05 05:02:39','2018-05-05 11:05:55',2,'1001','yin'),('1525496803684723732','1525482006585680762','银','2018-05-05 05:06:43','2018-05-05 11:05:55',2,'1001','yin'),('1525517240124733708','1525517141947113002','银','2018-05-05 10:47:20','2018-05-05 11:05:55',1,'1001','yin'),('1525517258085638281','1525517141947113002','银','2018-05-05 10:47:38','2018-05-05 11:05:55',2,'1001','yin'),('1525517546410361568','1525517141947113002','银','2018-05-05 10:52:26','2018-05-05 11:05:55',3,'1001','yin'),('1525518421058241271','1525517141947113002','银','2018-05-05 11:07:01','2018-05-05 11:07:01',4,'1001','yin'),('1525518438672333044','1525517141947113002','阿','2018-05-05 11:07:18','2018-05-05 11:07:18',5,'1001','yin'),('1525524698571394362','1525521114864224208','哈哈','2018-05-05 12:51:38','2018-05-05 12:51:38',1,'1001','yin'),('1525526530617769064','1525521114864224208','啊啊','2018-05-05 13:22:10','2018-05-05 13:22:10',2,'1001','yin'),('1525527176336179100','null','adf','2018-05-05 13:32:56','2018-05-05 13:32:56',3,'1001','yin'),('1525527229187213315','1525517141947113002','gfdg','2018-05-05 13:33:49','2018-05-05 13:33:49',6,'1001','yin'),('1525527513513560746','1525517141947113002','afaf','2018-05-05 13:38:33','2018-05-05 13:38:33',7,'1001','yin'),('1525527970035113098','null','dfaf','2018-05-05 13:46:10','2018-05-05 13:46:10',4,'1001','yin'),('1525528048128665460','null','dfasf','2018-05-05 13:47:28','2018-05-05 13:47:28',5,'1001','yin'),('1525528111150995570','1525517141947113002','gdfgd','2018-05-05 13:48:31','2018-05-05 13:48:31',8,'1001','yin'),('1525595302394571591','1525595274399431484','afafa','2018-05-06 08:28:22','2018-05-06 08:28:22',1,'1001','yinz'),('1525595311781895673','1525595274399431484','fafdaf','2018-05-06 08:28:31','2018-05-06 08:28:31',2,'1001','yinz');
/*!40000 ALTER TABLE `reply` ENABLE KEYS */;
UNLOCK TABLES;

--
-- Table structure for table `user`
--

DROP TABLE IF EXISTS `user`;
/*!40101 SET @saved_cs_client     = @@character_set_client */;
/*!40101 SET character_set_client = utf8 */;
CREATE TABLE `user` (
  `user_id` varchar(20) CHARACTER SET latin1 NOT NULL,
  `user_name` varchar(20) DEFAULT NULL,
  `password` varchar(256) CHARACTER SET latin1 NOT NULL COMMENT '密码',
  `email` varchar(20) DEFAULT NULL,
  `valid_state` tinyint(4) NOT NULL DEFAULT '0' COMMENT '用户是否可用',
  `active_state` tinyint(4) NOT NULL DEFAULT '0' COMMENT '用户是否被禁用',
  PRIMARY KEY (`user_id`)
) ENGINE=InnoDB DEFAULT CHARSET=utf8;
/*!40101 SET character_set_client = @saved_cs_client */;

--
-- Dumping data for table `user`
--

LOCK TABLES `user` WRITE;
/*!40000 ALTER TABLE `user` DISABLE KEYS */;
INSERT INTO `user` VALUES ('1001','yin','abc','13230229293@163.com',0,0),('1525596915854359571','a','a','13420110105@163.com',0,0);
/*!40000 ALTER TABLE `user` ENABLE KEYS */;
UNLOCK TABLES;
/*!40103 SET TIME_ZONE=@OLD_TIME_ZONE */;

/*!40101 SET SQL_MODE=@OLD_SQL_MODE */;
/*!40014 SET FOREIGN_KEY_CHECKS=@OLD_FOREIGN_KEY_CHECKS */;
/*!40014 SET UNIQUE_CHECKS=@OLD_UNIQUE_CHECKS */;
/*!40101 SET CHARACTER_SET_CLIENT=@OLD_CHARACTER_SET_CLIENT */;
/*!40101 SET CHARACTER_SET_RESULTS=@OLD_CHARACTER_SET_RESULTS */;
/*!40101 SET COLLATION_CONNECTION=@OLD_COLLATION_CONNECTION */;
/*!40111 SET SQL_NOTES=@OLD_SQL_NOTES */;

-- Dump completed on 2018-05-06 18:25:13
